Custom Item;;7
Custom Item;;9
Custom Item;;100
Custom Item;;5
Custom Item;;6
Custom Item;;9
Custom Item;;9
Custom Item;;7
Custom Item;;9
Custom Item;;9
Custom Item;;4
Custom Item;;6
Custom Item;;9
Custom Item;;9
Custom Item;;6.23
Custom Item;;6.23
Custom Item;;9
Custom Item;;6.23
Custom Item;;6.4
Custom Item;;6.23
Custom Item;;6.23
Custom Item;;4
Custom Item;;4
Custom Item;;7
Custom Item;;5
Custom Item;;35
Custom Item;;28
Custom Item;;40
Custom Item;;8
Custom Item;;2
Custom Item;;30
Custom Item;;6
Custom Item;;2
Custom Item;;7
Custom Item;;7
Custom Item;;6
Custom Item;;6
Custom Item;;30
Custom Item;;6
Custom Item;;15
Custom Item;;6
Custom Item;;30
Custom Item;;39
Custom Item;;42
Custom Item;;30
Custom Item;;25
Custom Item;;7
Custom Item;;7
Custom Item;;5
Custom Item;;5
Custom Item;;7
Custom Item;;5
Custom Item;;15
Custom Item;;8
Custom Item;;3
Custom Item;;5
Custom Item;;5
Custom Item;;6
